"__num__",19640325
",",19597223
")",10446695
"(",10425221
";",7882261
"__hex__",6261887
"*",6205697
".",5978092
"=",5841844
"__str__",4336520
"}",3310463
"{",3305033
"/",2939954
":",2640872
"__rightarrow__",2425261
"#",2423779
"[",2004437
"]",2002711
"<",1591276
"__char__",1578686
">",1570584
"-",1558365
"the",1448576
"$",1353851
"if",1268404
"define",1009353
"&",992715
"struct",981467
"+",980329
"return",865021
"int",818659
"a",711039
"__eq2__",678517
"to",667579
"i",655748
"@",579798
"is",571676
"|",544033
"of",518791
"\",518086
"void",500334
"this",493282
"e",478529
"%",470704
"__minus2__",457035
"for",455805
"static",450579
"in",421960
"!",417992
"//",417011
"and",389664
"type",364580
"c",353379
"u",347204
"h",339315
"f",338136
"__dot2__",291256
"include",290738
"function",273992
"x",270394
"dev",267816
"unsigned",265098
"s",258821
"else",254804
"r",246387
"name",245975
"__asterisk2__",241142
"?",240504
"__righthash__",237579
"const",236639
"NULL",236188
"__colon2__",233693
"be",229489
"or",223366
"end",223254
"data",221943
"null",219319
"C",214648
"case",212754
"b",210187
"d",203625
"__left__",203096
"string",198677
"it",197194
"A",195126
"value",195047
"p",193271
"new",191689
"F",188924
"not",188283
"public",187085
"ret",184584
"char",184151
"with",182313
"on",177275
"array",176805
"_",176698
"long",176635
"__plus2__",175257
"t",175210
"v",174477
"file",174216
"that",172790
"class",170335
"__and__",169164
"var_dump",163996
"__noteq__",162711
"break",161067
"Galaxy",160875
"E",160433
"true",155082
"o",152741
"import",152336
"description",150633
"args",148705
"false",147744
"by",146295
"License",145689
"The",143875
"var",142863
"as",142646
"B",141522
"self",140597
"This",137169
"err",135787
"n",129714
"from",129510
"D",127945
"id",125547
"returns",125209
"y",124709
"__right__",123896
"are",123136
"L",122363
"__or__",122343
"endif",121078
"key",117714
"size",116843
"flags",116435
"bool",111968
"m",110896
"do",110505
"val",108392
"l",106878
"PASS",106614
"goto",105304
"_t",105055
"an",104206
"use",101091
"uint",100537
"we",100449
"set",99974
"code",99413
"you",98906
"can",98108
"result",97977
"OR",96740
"org",94834
"error",94092
"len",93282
"will",91971
"sizeof",91702
"local",90629
"index",88903
"FF",88851
"nil",88620
"at",86263
"then",85495
"state",85215
"OF",84748
"buf",84436
"count",83841
"info",83535
"extern",83206
"status",82632
"test",82329
"under",80640
"length",79936
"device",79061
"out",79044
"I",78962
"String",78224
"object",77523
"version",77218
"Copyright",75690
"msgstr",75577
"reg",74384
"msgid",72578
"list",72448
"mode",72397
"offset",70665
"arg",69982
"g",69848
"line",69745
"priv",69117
"k",68973
"default",68879
"px",68768
"all",68645
"_r",67935
"com",67671
"tmp",67299
"path",66217
"def",65856
"should",65277
"param",64906
"get",64905
"used",64816
"have",63953
"may",63602
"http",63505
"while",63179
"If",62893
"j",62309
"format",61398
"source",61232
"port",61216
"T",61075
"V",60615
"ANY",60481
"inline",60445
"any",59553
"valuetype",59154
"software",58717
"request",57572
"float",57225
"start",56830
"link",56758
"addr",56373
"THE",56162
"buffer",55998
"table",55084
"number",55070
"foo",54992
"private",54972
"rc",54753
"w",54496
"when",54434
"skb",54157
"entry",54068
"only",53973
"Public",53433
"php",53321
"WM",53031
"GNU",52572
"chip",52432
"General",52291
"jarg",51857
"ifdef",51600
"config",51276
"must",51207
"page",51169
"pdev",50933
"program",50722
"S",50485
"no",49949
"one",49947
"lock",49851
"X",49595
"Software",49575
"copy",49499
"but",49440
"bit",49400
"which",49252
"distributed",49233
"node",49074
"final",48385
"context",48336
"hw",47788
"width",47707
"base",47644
"target",47277
"R",47100
"echo",46427
"event",46072
"add",45831
"input",45695
"values",45632
"so",45546
"obj",45481
"cmd",45401
"address",44718
"without",44709
"user",43683
"M",43591
"See",43547
"lua",43411
"driver",43005
"client",42991
"options",42747
"other",42671
"text",42646
"more",42622
"module",42494
"inode",42394
"has",41976
"py",41780
"first",41555
"free",41149
"field",41028
"IN",40989
"q",40785
"current",40377
"next",40352
"write",40243
"block",40238
"following",39799
"adapter",39657
"call",39466
"switch",39167
"ifndef",38718
"host",38717
"ctx",38655
"time",38450
"assertEquals",38356
"U",37973
"given",37678
"read",37484
"defined",37206
"option",37169
"method",37046
"res",37029
"__lefthash__",36751
"up",35937
"assert",35915
"map",35904
"enum",35770
"byte",35418
"typedef",35249
"You",35246
"support",35012
"EINVAL",34955
"FOR",34569
"where",34560
"color",34379
"register",34246
"GLenum",34132
"content",34076
"see",33935
"Override",33897
"parent",33512
"Foundation",33469
"height",33448
"using",33420
"req",33405
"terms",33317
"message",33177
"src",33115
"Free",33039
"specific",32872
"and/or",32853
"z",32814
"card",32811
"boolean",32809
"package",32699
"mask",32580
"require",32557
"either",32302
"AND",32112
"Inc",31933
"regs",31852
"~",31745
"mov",31619
"printk",31505
"`",31453
"springframework",31369
"output",31352
"command",31303
"into",31255
"Object",31153
"size_t",31133
"copyright",31122
"__",30818
"before",30776
"irq",30660
"bits",30345
"handle",30313
"WARRANTIES",30148
"bytes",30075
"files",30069
"git",29991
"max",29883
"conditions",29867
"left",29793
"WITHOUT",29697
"xmm",29374
"modify",29262
"need",29180
"str",28986
"property",28850
"throws",28812
"your",28808
"check",28790
"Test",28695
"attr",28663
"html",28631
"^",28606
"params",28498
"was",28468
"GLuint",28415
"style",28396
"memory",28339
"response",28318
"P",28294
"protected",28231
"elasticsearch",28221
"match",27925
"//www",27852
"level",27819
"msg",27767
"equal",27749
"java",27722
"work",27489
"pos",27369
"implied",27333
"header",27277
"cache",27200
"'",27048
"Register",26952
"resource",26849
"done",26686
"/string",26680
"__u",26616
"above",26501
"attribute",26384
"each",26277
"pointer",26248
"SOFTWARE",25987
"body",25713
"__assign__",25702
"NOT",25601
"interface",25584
"label",25510
"ptr",25507
"div",25470
"instance",25370
"top",25306
"idx",25292
"Set",25292
"BIT",25273
"tag",25264
"channel",25237
"information",25227
"frame",25204
"common",25088
"required",25077
"For",25045
"title",25044
"after",25042
"try",25014
"printf",24953
"stream",24924
"MX",24873
"interrupt",24470
"notice",24444
"net",24429
"func",24394
"form",24384
"We",24201
"All",24191
"font",24179
"short",24037
"INCLUDING",23941
"/key",23934
"reserved",23849
"control",23808
"element",23765
"item",23681
"parameter",23675
"href",23656
"st",23591
"here",23579
"UL",23579
"GLint",23418
"FITNESS",23379
"url",23305
"license",23236
"continue",23175
"position",23106
"same",23083
"MERCHANTABILITY",23046
"called",23007
"filter",23006
"PURPOSE",23006
"system",22999
"PARTICULAR",22947
"go",22917
"ieee",22846
"ch",22656
"dir",22619
"view",22589
"DMA",22552
"last",22515
"published",22493
"True",22491
"expect",22453
"op",22430
"border",22429
"ref",22405
"create",22392
"author",22390
"head",22382
"there",22368
"expected",22305
"rdev",22257
"/a",22154
"Version",22136
"right",22118
"redistribute",22054
"clk",21931
"functions",21930
"some",21918
"apache",21918
"its",21757
"desc",21605
"env",21587
"enable",21568
"provided",21519
"select",21466
"background",21404
"than",21339
"ops",21226
"Data",21183
"names",21156
"empty",21140
"td",21107
"clock",21076
"fields",21060
"compatible",21060
"controller",20995
"ENOMEM",20989
"retval",20949
"core",20937
"Class",20899
"except",20845
"extends",20775
"g_",20676
"group",20674
"details",20544
"__leftarrow__",20530
"eax",20442
"li",20382
"root",20361
"In",20322
"action",20303
"init",20273
"queue",20263
"now",20193
"print",20155
"make",20130
"non",20076
"__func__",20070
"even",20061
"also",19978
"\x",19962
"dst",19919
"xx",19917
"H",19867
"K",19866
"kfree",19802
"directory",19789
"throw",19781
"Warning",19780
"util",19774
"N",19743
"nbsp",19739
"Returns",19730
"db",19697
"G",19676
"subject",19534
"cs",19466
"It",19450
"zero",19436
"sqlite",19335
"log",19271
"find",19250
"part",19224
"_i",19161
"template",19119
"since",19107
"access",19080
"dev_err",19025
"valid",19012
"server",18996
"callback",18992
"space",18986
"io",18928
"temp",18910
"settings",18910
"cpu",18894
"Name",18876
"cx",18861
"jenv",18860
"rights",18839
"margin",18839
"bus",18801
"TO",18792
"been",18725
"kernel",18715
"assertThat",18554
"double",18481
"two",18421
"image",18419
"False",18402
"structure",18400
"arguments",18390
"point",18334
"found",18322
"tree",18276
"bar",18237
"range",18219
"later",18216
"Iteration",18194
"USE",18182
"l_",18177
"reset",18138
"documentation",18086
"fmt",18085
"reference",17918
"android",17913
"PTR",17894
"ip",17893
"off",17836
"edx",17836
"binary",17793
"does",17773
"IMPLIED",17748
"stack",17712
"editor",17684
"exit",17661
"attributes",17657
"available",17546
"WARRANTY",17499
"BE",17489
"debug",17444
"face",17433
"flag",17399
"num",17376
"memcpy",17339
"order",17155
"just",17141
"scope",17118
"GPIO",17099
"handler",17043
"align",17031
"KIND",17024
"internal",17013
"remove",17004
"sp",16866
"ARRAY_SIZE",16843
"span",16835
"fp",16817
"date",16812
"btVector",16797
"min",16762
"query",16754
"LIABILITY",16743
"OMAP",16734
"rt",16688
"ID",16687
"sk",16655
"run",16654
"BUT",16651
"language",16648
"LIMITED",16584
"NO",16559
"sb",16548
"useful",16414
"FILE",16388
"model",16368
"Int",16352
"open",16252
"cfg",16243
"build",16243
"movl",16222
"wx",16219
"fn",16200
"GLsizei",16191
"sd",16153
"wm",16144
"child",16135
"timeout",16132
"esi",16126
"don",16093
"change",16091
"File",16091
"specified",16089
"gpio",16052
"task",16010
"__init",15991
"Utf",15957
"expects",15914
"ok",15910
"Exception",15865
"update",15849
"Note",15843
"project",15797
"Y",15771
"writing",15770
"chan",15767
"row",15751
"Z",15750
"written",15691
"objects",15682
"_to_cpu",15655
"codec",15640
"stats",15604
"hash",15595
"TEST",15581
"ecx",15570
"GFP_KERNEL",15558
"W",15465
"comment",15424
"received",15422
"errors",15367
"active",15285
"registers",15277
"integer",15268
"JAVA_OBJECT",15236
"obtain",15230
"main",15216
"word",15206
"fd",15206
"filename",15203
"\n",15162
"/td",15151
"os",15133
"re",15094
"original",15044
"put",14996
"express",14991
"example",14988
"Insert",14987
"fs",14971
"help",14951
"edi",14931
"DA",14930
"IS",14906
"ebx",14905
"argument",14901
"based",14891
"net_device",14879
"pdata",14834
"configuration",14787
"warranty",14764
"np",14719
"success",14718
"process",14661
"assertTrue",14650
"like",14635
"bp",14633
"THIS",14583
"vector",14579
"Licensed",14574
"namespace",14531
"display",14530
"__le",14488
"close",14458
"these",14457
"FFFFFFFFFFFFFFFFFFFFFFFFFFFFFFFFFFFFFFFFFFFFFFFFFFFFFFFFFFFFFFFFFFFFFFFF",14449
"token",14389
"send",14365
"padding",14352
"location",14311
"already",14294
"through",14283
"search",14271
"post",14265
"script",14218
"OUT",14184
"timer",14183
"cells",14175
"ui",14159
"hdr",14141
"document",14112
"__dot3__",14103
"parameters",14095
"interrupts",14089
"Get",14067
"ep",14041
"assert_equal",14017
"sub",14007
"them",13984
"because",13974
"union",13947
"limit",13939
"mapping",13914
"equalTo",13891
"me",13861
"unit",13801
"variable",13797
"want",13794
"types",13769
"session",13767
"tr",13763
"lp",13739
"push",13738
"phy",13699
"window",13681
"full",13672
"Redistributions",13649
"Code",13576
"TSRMLS_CC",13532
"permissions",13514
"de",13490
"none",13464
"load",13464
"Return",13456
"connection",13437
"Apache",13387
"they",13386
"fi",13364
"__iomem",13354
"Methodref",13340
"fail",13325
"cn",13320
"single",13318
"/p",13311
"pi",13289
"moment",13278
"ULL",13247
"GLboolean",13244
"cp",13231
"Check",13231
"meta",13212
"slot",13198
"append",13165
"operation",13159
"builder",13155
"super",13132
"le",13122
"applicable",13089
"btScalar",13075
"prefix",13069
"memset",13053
"enabled",12994
"dma",12973
"catch",12970
"delete",12963
"box",12948
"vec",12937
"limitations",12935
"rule",12929
"Map",12927
"commit",12922
"IO",12895
"ebp",12875
"encoding",12874
"ha",12871
"disclaimer",12820
"pm",12801
"permission",12801
"packet",12794
"aa",12786
"compliance",12777
"None",12746
"ASSERT",12736
"Array",12704
"sk_buff",12701
"List",12701
"sha",12692
"clear",12665
"pc",12657
"mutex_unlock",12657
"install",12655
"let",12648
"governing",12642
"fe",12592
"cc",12591
"old",12584
"virtual",12558
"law",12555
"exception",12528
"hope",12523
"__eq3__",12520
"entries",12493
"/div",12467
"foreach",12464
"Unless",12462
"CONDITIONS",12431
"thread",12420
"wl",12415
"models",12414
"tp",12398
"always",12391
"ext",12366
"_DATA",12334
"rate",12333
"authors",12324
"would",12306
"such",12299
"COPYRIGHT",12268
"em",12262
"GLfloat",12255
"being",12249
"socket",12233
"properties",12228
"app",12215
"Handle",12208
"PCI",12189
"loop",12158
"agreed",12147
"contains",12145
"BASIS",12140
"EXPORT_SYMBOL",12137
"jcls",12120
"spin_unlock_irqrestore",12088
"along",12079
"global",12077
"When",12071
"org/licenses/LICENSE",12063
"ctrl",12051
"per",12020
"ioc",12019
"dict",12018
"different",11994
"wp",11991
"jobject",11990
"jlong",11976
"/entry",11955
"whether",11951
"otherwise",11949
"what",11912
"menu",11905
"J",11894
"aload_",11851
"__be",11849
"between",11843
"DAMAGES",11818
"conn",11805
"undefined",11800
"shift",11791
"vn",11772
"To",11748
"mm",11731
"us",11643
"execute",11636
"headers",11620
"USA",11590
"Error",11584
"ast",11581
"urb",11568
"Testing",11533
"prototype",11532
"testing",11518
"childs",11515
"section",11508
"EVENT",11488
"cb",11452
"isolate",11446
"events",11434
"dd",11403
"web",11399
"about",11395
"normal",11361
"back",11357
"xml",11305
"wait",11303
"pages",11274
"python",11261
"ac",11249
"both",11241
"distribution",11233
"dentry",11217
"metadata",11201
"cpu_to_le",11181
"ssize_t",11179
"show",11168
"volatile",11123
"__user",11120
"implementation",11118
"ab",11116
"pass",11099
"ath",11095
"AC",11093
"gdx",11075
"parser",11072
"Add",11052
"No",11038
"power",11031
"AT",11022
"AF",11012
"ah",11010
"rtlpriv",11005
"save",10967
"keys",10954
"DB",10950
"sure",10947
"Source",10900
"omap",10896
"changed",10895
"ARISING",10890
"rsp",10874
"ex",10840
"devices",10838
"SHALL",10829
"par",10828
"bean",10826
"library",10822
"Control",10810
"depends",10806
